
<odoo>
    <data>

        <record model="ir.ui.view" id="efacturacion.field_journal">
            <field name="name">Field Journal Type</field>
            <field name="model">account.invoice</field>
            <field name="inherit_id" ref="account.invoice_form"/>
            <field name="arch" type="xml">
                <xpath expr="//field[@name='journal_id']" position="replace">
                    <field name="journal_id"
                           groups="account.group_account_user"
                           options="{'no_create': True}"
                           attrs="{'readonly':[('move_name','!=',False)]}"
                           domain="[('invoice_type_code_id','=',type_code)]"/>
                    <field name="invoice_type_code" attrs="{'invisible':True}"></field>
                </xpath>
                <xpath expr="//page[@name='other_info']//field[@name='origin']" position="replace">

                    <field name="origin" groups="base.group_user" attrs="{'invisible':[('invoice_type_code','not in',['07','08'])],'required':[('invoice_type_code','in',['07','08'])]}"></field>
                    <!--
                    <field name="origin"
                           groups="base.group_user"
                           attrs="{'invisible': [('origin', '=', False)]}"/>
                           -->

                </xpath>
            </field>
        </record>

        <!--FACTURA BEGIN-->
        <record id="account.action_invoice_tree1" model="ir.actions.act_window">
            <field name="context">
                {
                 'type':'out_invoice',
                 'journal_type': 'sale',
                 'type_code':'01',
                }
            </field>
            <field name="domain">
                [('type','in',('out_invoice', 'out_refund')),('journal_id.invoice_type_code_id','=','01')]
            </field>
        </record>
        <!--FACTURA END-->



        <!--NOTA DE CRÉDITO BEGIN-->
        <record id="efacturacion.action_credit_note" model="ir.actions.act_window" >
            <field name="name">NOTA DE CRÉDITO</field>
            <field name="res_model">account.invoice</field>
            <field name="view_id" ref="account.invoice_tree"/>
            <field name="view_mode">tree,kanban,form,calendar,pivot,graph</field>
            <field name="context">
                {
                    'type':'out_invoice',
                    'journal_type': 'sale',
                    'type_code':'07',
                    'default_number':'Nota de Crédito'
                }
            </field>
            <field name="domain">
                [('type','in',('out_invoice', 'out_refund')),('journal_id.invoice_type_code_id','=','07')]
            </field>
            <field name="search_view_id" ref="account.view_account_invoice_filter"/>
        </record>


        <record id="action_invoice_refund_out_tree_tree_2" model="ir.actions.act_window.view">
            <field eval="1" name="sequence"/>
            <field name="view_mode">tree</field>
            <field name="view_id" ref="account.invoice_tree"/>
            <field name="act_window_id" ref="efacturacion.action_credit_note"/>
        </record>

        <record id="action_invoice_refund_out_tree_form_2" model="ir.actions.act_window.view">
            <field eval="2" name="sequence"/>
            <field name="view_mode">form</field>
            <field name="view_id" ref="account.invoice_form"/>
            <field name="act_window_id" ref="efacturacion.action_credit_note"/>
        </record>


        <menuitem name="Nota de Crédito"
                  id="menu_nota_credito"
                  action="action_credit_note"
                  parent="account.menu_finance_receivables"/>
        <!--NOTA DE CRÉDITO START-->



         <!--BOLETA DE VENTA BEGIN-->
        <record id="action_boleta_venta" model="ir.actions.act_window" >
            <field name="name">BOLETA DE VENTA</field>
            <field name="res_model">account.invoice</field>
            <field name="view_id" ref="account.invoice_tree"/>
            <field name="view_mode">tree,kanban,form,calendar,pivot,graph</field>

            <field name="context">
                {
                    'type':'out_invoice',
                    'journal_type': 'sale',
                    'type_code':'03',
                }
            </field>
            <field name="domain">
                [('type','in',('out_invoice', 'out_refund')),('journal_id.invoice_type_code_id','=','03')]
            </field>
            <field name="search_view_id" ref="account.view_account_invoice_filter"/>
        </record>


        <record id="action_invoice_refund_out_tree_tree_3" model="ir.actions.act_window.view">
            <field eval="1" name="sequence"/>
            <field name="view_mode">tree</field>
            <field name="view_id" ref="account.invoice_tree"/>
            <field name="act_window_id" ref="efacturacion.action_boleta_venta"/>
        </record>

        <record id="action_invoice_refund_out_tree_form_3" model="ir.actions.act_window.view">
            <field eval="2" name="sequence"/>
            <field name="view_mode">form</field>
            <field name="view_id" ref="account.invoice_form"/>
            <field name="act_window_id" ref="efacturacion.action_boleta_venta"/>
        </record>


        <menuitem name="Boleta de Venta"
                  id="menu_boleta_venta"
                  action="action_boleta_venta"
                  parent="account.menu_finance_receivables"/>
        <!--BOLETA DE VENTA START-->


        <!--NOTA DE DEBITO BEGIN-->
        <record id="efacturacion.action_debit_note" model="ir.actions.act_window" >
            <field name="name">NOTA DE DEBITO</field>
            <field name="res_model">account.invoice</field>
            <field name="view_id" ref="account.invoice_tree"/>
            <field name="view_mode">tree,kanban,form,calendar,pivot,graph</field>

            <field name="domain">
                [('type','in',('out_invoice', 'out_refund')),('journal_id.invoice_type_code_id','=','08')]
            </field>
            <field name="context">
                {
                    'type':'out_invoice',
                    'journal_type': 'sale',
                    'type_code':'08',
                }
            </field>

            <field name="search_view_id" ref="account.view_account_invoice_filter"/>
        </record>


        <record id="action_invoice_refund_out_tree_tree_4" model="ir.actions.act_window.view">
            <field eval="1" name="sequence"/>
            <field name="view_mode">tree</field>
            <field name="view_id" ref="account.invoice_tree"/>
            <field name="act_window_id" ref="efacturacion.action_debit_note"/>
        </record>

        <record id="action_invoice_refund_out_tree_form_4" model="ir.actions.act_window.view">
            <field eval="2" name="sequence"/>
            <field name="view_mode">form</field>
            <field name="view_id" ref="account.invoice_form"/>
            <field name="act_window_id" ref="efacturacion.action_debit_note"/>
        </record>


        <menuitem name="Nota de Débito"
                  id="menu_nota_debito"
                  action="efacturacion.action_debit_note"
                  parent="account.menu_finance_receivables"/>
        <!--NOTA DE DEBITO START-->

    </data>
</odoo>

