<odoo>
    <data>
        <!--SEQUENCE BEGIN-->
        <record model="ir.sequence" id="ef_sequence_factura">
            <field name="name">Factura - sequence</field>
            <field name="implementation">no_gap</field>
            <field name="prefix">F001-</field>
            <field name="padding">8</field>
            <field name="number_increment">1</field>
        </record>

        <record model="ir.sequence" id="ef_sequence_credit_note">
            <field name="name">Nota de Crédito - sequence</field>
            <field name="implementation">no_gap</field>
            <field name="prefix">FC01-</field>
            <field name="padding">8</field>
            <field name="number_increment">1</field>
        </record>

        <record model="ir.sequence" id="ef_sequence_debit_note">
            <field name="name">Nota de Débito (oficial)</field>
            <field name="implementation">no_gap</field>
            <field name="prefix">FD01-</field>
            <field name="padding">8</field>
            <field name="number_increment">1</field>
        </record>

        <record model="ir.sequence" id="ef_sequence_boleta_venta">
            <field name="name">Boleta de Venta (oficial)</field>
            <field name="implementation">no_gap</field>
            <field name="prefix">B001-</field>
            <field name="padding">8</field>
            <field name="number_increment">1</field>
        </record>
        <!--SEQUENCE END-->



        <!--DIARIOS BEGIN-->
        <!-- <record id="account.sales_journal" model="account.journal">
            <field name="name">Factura de venta (oficial)</field>
            <field name="refund_sequence" eval="True"/>
            <field name="type">sale</field>
            <field name="invoice_type_code_id">01</field>
            <field name="code">F001</field>
            <field name="sequence_id" ref="facturacion_electronica.ef_sequence_factura"/>
        </record>
        <record model="account.journal" id="ef_account_journal_credit_note">
            <field name="name">Nota de Crédito (oficial)</field>
            <field name="type">sale</field>
            <field name="invoice_type_code_id">07</field>
            <field name="code">FC01</field>
            <field name="sequence_id" ref="facturacion_electronica.ef_sequence_credit_note"/>
        </record>

        <record model="account.journal" id="ef_account_journal_debit_note">
            <field name="name">Nota de Débito (oficial)</field>
            <field name="type">sale</field>
            <field name="invoice_type_code_id">08</field>
            <field name="code">FD01</field>
            <field name="sequence_id" ref="facturacion_electronica.ef_sequence_debit_note"/>
        </record>

        <record model="account.journal" id="ef_account_journal_boleta_venta">
            <field name="name">Boleta de Venta (oficial)</field>
            <field name="type">sale</field>
            <field name="invoice_type_code_id">03</field>
            <field name="code">B001</field>
            <field name="sequence_id" ref="facturacion_electronica.ef_sequence_boleta_venta"/>
        </record> -->
        <!--DIARIOS END-->


    </data>
</odoo>